TransactionID,Date,CustomerID,Amount,Category,PaymentMode,MerchantID,BranchID,Notes,Status,Location,DeviceID,Campaign,TaxAmount,DiscountAmount,is_refund,neg_non_refund,is_outlier
T100196,2025-01-08 03:16:00,C4762,4974.52,Electronics,NetBanking,M107,B37,,Completed,Delhi,D3655,Festive Offer,484.34,73.82,False,False,False
T100548,2025-01-08 09:08:00,C1833,4987.04,Entertainment,NetBanking,M924,B43,,Completed,Bangalore,D8599,Festive Offer,278.78,210.71,False,False,False
T101076,2025-01-08 17:56:00,C1235,4962.4,Health,NetBanking,M387,B46,Discount applied,Completed,Bangalore,D3970,New Launch,414.15,203.01,False,False,False
T101192,2025-01-08 19:52:00,C3296,4972.38,Groceries,UPI,M564,B11,Discount applied,Completed,Bangalore,D9980,New Launch,487.74,23.49,False,False,False
T101218,2025-01-08 20:18:00,C1473,4970.57,Food,Card,M229,B12,,Completed,Delhi,D6047,New Launch,325.61,46.6,False,False,False
T101221,2025-01-08 20:21:00,C4287,4954.75,Health,Card,M390,B13,Promo applied,Completed,Mumbai,D7694,New Launch,128.9,134.93,False,False,False
T101502,2025-02-08 01:02:00,C3275,4976.76,Clothing,Card,M375,B14,Discount applied,Completed,Mumbai,D7173,No Campaign,156.3,271.92,False,False,False
T101619,2025-02-08 02:59:00,C1938,4986.62,Electronics,NetBanking,M245,B7,,Completed,Kolkata,D7006,New Launch,432.31,215.2,False,False,False
T103198,2025-03-08 05:18:00,C1363,4969.3,Groceries,Card,M606,B7,Promo applied,Completed,Mumbai,D5619,Summer Sale,429.79,103.43,False,False,False
T103376,2025-03-08 08:16:00,C4292,4989.72,Food,Card,M476,B25,Discount applied,Completed,Delhi,D8902,Summer Sale,308.13,119.76,False,False,False
T103683,2025-03-08 13:23:00,C2284,4962.32,Clothing,Cash,M787,B28,Discount applied,Completed,Kolkata,D3110,Summer Sale,231.32,47.22,False,False,False
T103797,2025-03-08 15:17:00,C4775,4985.61,Entertainment,Card,M822,B48,Discount applied,Completed,Kolkata,D7673,New Launch,442.79,257.98,False,False,False
T103970,2025-03-08 18:10:00,C1852,4963.83,Entertainment,Cash,M414,B1,Discount applied,Completed,Delhi,D2115,New Launch,306.89,141.66,False,False,False
T104120,2025-03-08 20:40:00,C3976,4972.18,Clothing,NetBanking,M337,B16,,Completed,Chennai,D3677,New Launch,323.73,19.3,False,False,False
T104146,2025-03-08 21:06:00,C1574,4958.66,Groceries,Card,M679,B46,,Completed,Mumbai,D5945,Summer Sale,173.31,159.02,False,False,False
T104271,2025-03-08 23:11:00,C1550,4998.66,Health,NetBanking,M740,B48,,Completed,Mumbai,D5267,Festive Offer,209.33,243.59,False,False,False
T104745,2025-04-08 07:05:00,C1796,4958.49,Entertainment,Card,M172,B14,,Completed,Delhi,D3778,Summer Sale,44.72,179.4,False,False,False
T104941,2025-04-08 10:21:00,C4559,4963.2,Health,Card,M285,B22,Discount applied,Completed,Bangalore,D5439,New Launch,163.4,209.19,False,False,False
T105309,2025-04-08 16:29:00,C1456,4958.45,Electronics,NetBanking,M411,B33,Discount applied,Completed,Delhi,D8296,Summer Sale,421.46,91.28,False,False,False
T105665,2025-04-08 22:25:00,C1180,4998.49,Groceries,Card,M513,B34,,Completed,Delhi,D4432,New Launch,298.2,83.21,False,False,False
T105798,2025-05-08 00:38:00,C1064,4987.03,Entertainment,Cash,M454,B41,,Completed,Kolkata,D8094,Festive Offer,237.27,43.67,False,False,False
T105933,2025-05-08 02:53:00,C3064,4968.52,Clothing,Card,M679,B10,Promo applied,Completed,Chennai,D5118,Summer Sale,295.89,5.69,False,False,False
T106536,2025-05-08 12:56:00,C3314,4962.55,Electronics,UPI,M279,B11,Promo applied,Completed,Chennai,D1869,New Launch,57.97,159.56,False,False,False
T106813,2025-05-08 17:33:00,C4221,4961.46,Clothing,NetBanking,M185,B22,,Completed,Mumbai,D4498,Summer Sale,248.34,265.77,False,False,False
T107082,2025-05-08 22:02:00,C1765,4983.07,Entertainment,Cash,M464,B6,Discount applied,Completed,Delhi,D4764,New Launch,449.93,232.51,False,False,False
T107246,2025-06-08 00:46:00,C4797,4993.06,Entertainment,UPI,M566,B31,Discount applied,Completed,Bangalore,D9858,No Campaign,87.36,179.24,False,False,False
T107599,2025-06-08 06:39:00,C1102,4957.89,Clothing,UPI,M801,B43,,Completed,Delhi,D2034,New Launch,62.02,261.26,False,False,False
T107827,2025-06-08 10:27:00,C1284,4964.23,Entertainment,UPI,M153,B8,Promo applied,Completed,Delhi,D4449,No Campaign,124.69,251.9,False,False,False
T109203,2025-07-08 09:23:00,C1847,4971.08,Health,NetBanking,M417,B13,Promo applied,Completed,Mumbai,D5953,New Launch,325.51,86.83,False,False,False
T109354,2025-07-08 11:54:00,C2522,4996.21,Electronics,Card,M103,B49,,Completed,Bangalore,D8195,New Launch,95.58,100.09,False,False,False
T109656,2025-07-08 16:56:00,C1566,4990.78,Electronics,Cash,M518,B29,,Completed,Chennai,D2556,No Campaign,339.72,240.19,False,False,False
T110237,2025-08-08 02:37:00,C1471,4956.76,Electronics,NetBanking,M662,B19,,Completed,Kolkata,D8818,No Campaign,37.05,250.44,False,False,False
T110246,2025-08-08 02:46:00,C3607,4954.98,Electronics,UPI,M601,B12,,Completed,Delhi,D2404,Festive Offer,336.56,25.71,False,False,False
T111364,2025-08-08 21:24:00,C2468,4950.64,Electronics,Cash,M542,B38,Discount applied,Completed,Chennai,D5742,Summer Sale,254.65,98.11,False,False,False
T112298,2025-09-08 12:58:00,C2777,4954.98,Clothing,Cash,M976,B15,Promo applied,Completed,Chennai,D4349,No Campaign,19.58,56.55,False,False,False
T112835,2025-09-08 21:55:00,C3648,4960.12,Entertainment,NetBanking,M570,B19,Discount applied,Completed,Mumbai,D2284,Festive Offer,124.01,54.48,False,False,False
T114218,2025-10-08 20:58:00,C1497,4968.01,Food,Card,M391,B21,Promo applied,Completed,Mumbai,D3180,New Launch,236.88,127.84,False,False,False
T114411,2025-11-08 00:11:00,C2848,4977.45,Clothing,Card,M507,B4,,Completed,Bangalore,D5244,Summer Sale,39.28,107.35,False,False,False
T114624,2025-11-08 03:44:00,C1991,4980.68,Health,UPI,M185,B22,Discount applied,Completed,Bangalore,D4695,Festive Offer,452.62,155.7,False,False,False
T114736,2025-11-08 05:36:00,C4091,4978.42,Food,Card,M232,B47,,Completed,Chennai,D2233,New Launch,333.6,39.73,False,False,False
T114797,2025-11-08 06:37:00,C3367,4973.03,Food,Cash,M873,B21,Promo applied,Completed,Bangalore,D9962,Summer Sale,288.56,255.93,False,False,False
T115070,2025-11-08 11:10:00,C4913,4970.8,Entertainment,Card,M289,B41,,Completed,Kolkata,D5188,Festive Offer,307.83,12.68,False,False,False
T115097,2025-11-08 11:37:00,C3768,4952.77,Electronics,NetBanking,M537,B6,,Completed,Mumbai,D2496,Festive Offer,336.86,215.19,False,False,False
T115136,2025-11-08 12:16:00,C3539,4958.52,Clothing,Card,M707,B47,Promo applied,Completed,Delhi,D7959,New Launch,311.82,188.41,False,False,False
T115341,2025-11-08 15:41:00,C4131,4981.02,Entertainment,Card,M537,B31,Discount applied,Completed,Chennai,D6225,Festive Offer,339.93,81.94,False,False,False
T115583,2025-11-08 19:43:00,C2912,4990.2,Entertainment,Card,M334,B30,,Completed,Mumbai,D7070,New Launch,235.14,231.58,False,False,False
T115712,2025-11-08 21:52:00,C3555,4999.45,Food,Cash,M241,B25,,Completed,Mumbai,D2264,Festive Offer,403.6,239.77,False,False,False
T115745,2025-11-08 22:25:00,C2203,4979.04,Electronics,Cash,M642,B46,Discount applied,Completed,Bangalore,D3747,New Launch,238.22,175.08,False,False,False
T116618,2025-12-08 12:58:00,C4017,4980.68,Entertainment,UPI,M313,B43,Promo applied,Completed,Kolkata,D7258,Festive Offer,160.27,14.35,False,False,False
T116967,2025-12-08 18:47:00,C4340,4987.69,Groceries,UPI,M399,B17,,Completed,Mumbai,D5740,Summer Sale,22.43,8.76,False,False,False
T117164,2025-12-08 22:04:00,C4518,4990.35,Clothing,Cash,M972,B8,Discount applied,Completed,Delhi,D7831,New Launch,347.11,93.65,False,False,False
T117263,2025-12-08 23:43:00,C3943,4979.12,Food,NetBanking,M677,B49,Discount applied,Completed,Delhi,D8258,No Campaign,491.11,121.3,False,False,False
T117500,2025-08-01 00:00:00,C3877,4951.44,Entertainment,NetBanking,M625,B13,,Completed,Chennai,D1570,Festive Offer,231.81,35.61,False,False,False
T117652,2025-08-01 00:00:00,C3812,4959.26,Clothing,Cash,M395,B7,,Completed,Delhi,D9218,Summer Sale,340.87,42.46,False,False,False
T118749,2025-08-01 00:00:00,C1407,4977.89,Clothing,UPI,M533,B23,,Completed,Bangalore,D8153,Summer Sale,92.16,46.13,False,False,False
T119235,2025-08-01 00:00:00,C2055,4950.92,Clothing,UPI,M582,B5,,Completed,Bangalore,D2843,New Launch,475.49,236.83,False,False,False
T119381,2025-08-01 00:00:00,C3745,4958.43,Food,UPI,M128,B19,,Completed,Kolkata,D2968,No Campaign,374.74,208.88,False,False,False
T119439,2025-08-01 00:00:00,C2939,4981.82,Clothing,UPI,M142,B34,Promo applied,Completed,Delhi,D1782,No Campaign,349.82,54.49,False,False,False
T119491,2025-08-01 00:00:00,C3986,4969.48,Health,Card,M138,B36,Promo applied,Completed,Delhi,D4637,Festive Offer,8.91,286.52,False,False,False
T119786,2025-08-01 00:00:00,C3871,4995.79,Electronics,Cash,M239,B42,Promo applied,Completed,Chennai,D4120,No Campaign,489.44,191.23,False,False,False
T120569,2025-08-01 00:00:00,C1084,4994.65,Clothing,UPI,M409,B10,,Completed,Kolkata,D7380,Festive Offer,70.9,69.69,False,False,False
T121107,2025-08-01 00:00:00,C4885,4968.02,Clothing,Card,M465,B27,,Completed,Delhi,D8598,Festive Offer,219.41,36.07,False,False,False
T121252,2025-08-01 00:00:00,C4041,4999.79,Food,UPI,M995,B27,Discount applied,Completed,Mumbai,D5572,Summer Sale,208.09,225.03,False,False,False
T121685,2025-08-01 00:00:00,C2714,4960.96,Food,NetBanking,M982,B7,Promo applied,Completed,Kolkata,D9988,No Campaign,74.66,269.16,False,False,False
T122115,2025-08-01 00:00:00,C2639,4982.98,Groceries,NetBanking,M164,B27,,Completed,Kolkata,D3222,Festive Offer,93.86,62.72,False,False,False
T122668,2025-08-01 00:00:00,C1110,4962.05,Food,UPI,M775,B18,Discount applied,Completed,Chennai,D2290,Summer Sale,337.24,202.12,False,False,False
T122779,2025-08-01 00:00:00,C2289,4964.43,Food,Cash,M304,B43,Promo applied,Completed,Chennai,D7845,Summer Sale,308.16,62.0,False,False,False
T123202,2025-08-01 00:00:00,C2302,4955.42,Groceries,Cash,M275,B38,Promo applied,Completed,Mumbai,D4033,Summer Sale,139.86,47.23,False,False,False
T124057,2025-08-01 00:00:00,C2332,4975.3,Electronics,NetBanking,M991,B12,Discount applied,Completed,Mumbai,D2608,No Campaign,322.27,285.8,False,False,False
T124828,2025-08-01 00:00:00,C3778,4958.63,Electronics,UPI,M586,B34,,Completed,Chennai,D3938,No Campaign,198.09,280.4,False,False,False
T124858,2025-08-01 00:00:00,C4563,4997.0,Entertainment,Cash,M213,B26,Promo applied,Completed,Delhi,D3524,New Launch,65.07,199.8,False,False,False
T125272,2025-08-01 00:00:00,C3948,4985.22,Groceries,Card,M975,B38,Discount applied,Completed,Chennai,D5299,No Campaign,350.82,179.71,False,False,False
T125473,2025-08-01 00:00:00,C4104,4957.15,Groceries,NetBanking,M656,B18,Promo applied,Completed,Kolkata,D5117,Summer Sale,295.52,220.23,False,False,False
T125944,2025-08-01 00:00:00,C4340,4999.21,Electronics,NetBanking,M845,B31,Discount applied,Completed,Chennai,D9239,No Campaign,329.07,210.97,False,False,False
T125992,2025-08-01 00:00:00,C1597,4990.6,Clothing,Cash,M904,B1,,Completed,Chennai,D4545,No Campaign,82.04,47.06,False,False,False
T126077,2025-08-01 00:00:00,C2383,4970.02,Groceries,Cash,M529,B11,Promo applied,Completed,Chennai,D6101,Summer Sale,359.08,248.01,False,False,False
T127329,2025-08-01 00:00:00,C1724,4979.87,Groceries,Cash,M505,B19,Promo applied,Completed,Chennai,D6438,Festive Offer,98.25,168.73,False,False,False
T127754,2025-08-01 00:00:00,C1277,4998.85,Groceries,Cash,M439,B43,,Completed,Bangalore,D3191,New Launch,27.16,19.43,False,False,False
T128257,2025-08-01 00:00:00,C4169,4971.9,Food,Cash,M739,B21,Promo applied,Completed,Mumbai,D7986,No Campaign,284.02,138.04,False,False,False
T129040,2025-08-01 00:00:00,C2762,4957.0,Clothing,Card,M889,B4,,Completed,Bangalore,D5408,No Campaign,92.75,157.26,False,False,False
T130165,2025-08-01 00:00:00,C4437,4964.05,Health,Card,M830,B45,Discount applied,Completed,Delhi,D9573,New Launch,119.07,251.62,False,False,False
T131246,2025-08-01 00:00:00,C2421,4967.03,Entertainment,Cash,M476,B44,,Completed,Chennai,D3742,Festive Offer,24.35,280.94,False,False,False
T132388,2025-08-01 00:00:00,C2432,4994.89,Groceries,UPI,M822,B45,Promo applied,Completed,Mumbai,D3613,New Launch,109.73,124.35,False,False,False
T133140,2025-08-01 00:00:00,C1766,4969.71,Health,Card,M318,B49,,Completed,Kolkata,D2253,No Campaign,43.86,262.81,False,False,False
T133363,2025-08-01 00:00:00,C4915,4997.1,Food,UPI,M369,B46,,Completed,Mumbai,D9014,New Launch,331.21,171.42,False,False,False
T133654,2025-08-01 00:00:00,C2506,4987.65,Entertainment,Cash,M853,B26,Promo applied,Completed,Delhi,D3772,New Launch,383.64,282.05,False,False,False
T133703,2025-08-01 00:00:00,C3041,4968.86,Health,NetBanking,M164,B14,,Completed,Chennai,D4048,No Campaign,21.74,5.52,False,False,False
T133957,2025-08-01 00:00:00,C2621,4953.57,Food,UPI,M713,B43,Promo applied,Completed,Kolkata,D6169,Summer Sale,1.02,101.4,False,False,False
T134641,2025-08-01 00:00:00,C4124,4977.87,Entertainment,Cash,M783,B17,,Completed,Delhi,D8058,No Campaign,350.25,120.55,False,False,False
T134908,2025-08-01 00:00:00,C1004,4998.45,Groceries,Cash,M283,B46,Promo applied,Completed,Kolkata,D1219,No Campaign,148.95,32.68,False,False,False
T135660,2025-08-01 00:00:00,C2689,4952.02,Health,Card,M988,B14,,Completed,Bangalore,D4168,No Campaign,65.93,274.59,False,False,False
T135825,2025-08-01 00:00:00,C1215,4984.09,Food,NetBanking,M431,B43,,Completed,Mumbai,D9678,New Launch,363.2,275.05,False,False,False
T136307,2025-08-01 00:00:00,C4467,4965.07,Clothing,Card,M212,B25,Promo applied,Completed,Chennai,D7360,Summer Sale,179.45,0.36,False,False,False
T136678,2025-08-01 00:00:00,C2524,4961.21,Electronics,NetBanking,M539,B43,Discount applied,Completed,Mumbai,D4284,New Launch,329.22,219.99,False,False,False
T137352,2025-08-01 00:00:00,C2214,4961.72,Electronics,Card,M216,B17,,Completed,Bangalore,D9606,Summer Sale,219.17,120.68,False,False,False
T137703,2025-08-01 00:00:00,C3019,4974.44,Electronics,Cash,M598,B18,Discount applied,Completed,Bangalore,D3792,Summer Sale,43.08,231.72,False,False,False
T137763,2025-08-01 00:00:00,C4430,4970.71,Groceries,UPI,M150,B46,Discount applied,Completed,Chennai,D9879,New Launch,282.55,213.35,False,False,False
T137809,2025-08-01 00:00:00,C1732,4977.42,Health,NetBanking,M403,B38,,Completed,Chennai,D6873,Festive Offer,80.25,103.88,False,False,False
T138567,2025-08-01 00:00:00,C3055,4987.17,Clothing,Cash,M420,B41,,Completed,Chennai,D5330,No Campaign,324.08,2.26,False,False,False
T138662,2025-08-01 00:00:00,C3690,4994.13,Health,UPI,M493,B42,Discount applied,Completed,Kolkata,D9967,No Campaign,286.31,100.77,False,False,False
T138819,2025-08-01 00:00:00,C1065,4966.99,Health,Cash,M163,B3,,Completed,Bangalore,D3746,New Launch,13.77,27.77,False,False,False
T138944,2025-08-01 00:00:00,C2434,4970.71,Health,NetBanking,M825,B27,,Completed,Kolkata,D8041,Summer Sale,286.19,15.05,False,False,False
T139199,2025-08-01 00:00:00,C4474,4958.0,Food,UPI,M895,B11,,Completed,Kolkata,D9920,No Campaign,120.92,45.19,False,False,False
T139653,2025-08-01 00:00:00,C4106,4954.02,Health,NetBanking,M203,B19,,Completed,Kolkata,D9957,Summer Sale,416.1,204.93,False,False,False
T139780,2025-08-01 00:00:00,C4766,4993.72,Food,NetBanking,M400,B7,,Completed,Delhi,D6388,No Campaign,229.59,65.49,False,False,False
T139825,2025-08-01 00:00:00,C2805,4993.97,Food,UPI,M933,B6,Promo applied,Completed,Kolkata,D9791,Summer Sale,16.46,211.21,False,False,False
T140226,2025-08-01 00:00:00,C2869,4975.36,Groceries,NetBanking,M674,B33,,Completed,Mumbai,D5694,No Campaign,243.64,268.05,False,False,False
T140832,2025-08-01 00:00:00,C2581,4962.0,Clothing,Cash,M459,B22,,Completed,Bangalore,D7051,New Launch,464.43,126.77,False,False,False
T141030,2025-08-01 00:00:00,C4226,4981.18,Entertainment,Cash,M250,B15,,Completed,Delhi,D5170,No Campaign,452.51,185.46,False,False,False
T141084,2025-08-01 00:00:00,C2606,4960.99,Electronics,UPI,M699,B27,Discount applied,Completed,Delhi,D4382,No Campaign,319.26,81.92,False,False,False
T141310,2025-08-01 00:00:00,C1308,4970.89,Groceries,Card,M411,B20,Discount applied,Completed,Mumbai,D1104,No Campaign,20.37,200.95,False,False,False
T142671,2025-08-01 00:00:00,C1605,4950.53,Electronics,Card,M123,B20,,Completed,Delhi,D2550,Festive Offer,436.11,55.98,False,False,False
T142816,2025-08-01 00:00:00,C2744,4979.83,Entertainment,UPI,M565,B14,Promo applied,Completed,Chennai,D7135,Festive Offer,369.53,58.81,False,False,False
T143150,2025-08-01 00:00:00,C3569,4986.79,Groceries,NetBanking,M694,B6,Discount applied,Completed,Delhi,D7431,Festive Offer,92.47,24.6,False,False,False
T143212,2025-08-01 00:00:00,C3396,4954.95,Groceries,UPI,M644,B25,Discount applied,Completed,Kolkata,D5070,Festive Offer,303.13,108.73,False,False,False
T143974,2025-08-01 00:00:00,C1321,4976.38,Electronics,UPI,M881,B48,Promo applied,Completed,Kolkata,D8526,Summer Sale,372.32,35.86,False,False,False
T144301,2025-08-01 00:00:00,C2773,4961.73,Food,Cash,M568,B40,,Completed,Chennai,D3591,Festive Offer,483.11,280.69,False,False,False
T144893,2025-01-09 04:13:00,C1161,4955.95,Clothing,UPI,M856,B24,,Completed,Mumbai,D1920,New Launch,68.51,141.08,False,False,False
T144999,2025-01-09 05:59:00,C4958,4991.56,Food,Card,M720,B13,,Completed,Chennai,D6937,Summer Sale,375.75,74.37,False,False,False
T145090,2025-01-09 07:30:00,C3895,4986.93,Groceries,NetBanking,M383,B40,,Completed,Mumbai,D3746,Summer Sale,119.13,258.87,False,False,False
T145584,2025-01-09 15:44:00,C4094,4972.64,Groceries,UPI,M454,B12,,Completed,Chennai,D3893,New Launch,93.61,12.8,False,False,False
T145944,2025-01-09 21:44:00,C4317,4976.19,Clothing,UPI,M965,B7,,Completed,Mumbai,D7320,Festive Offer,153.6,260.69,False,False,False
T146620,2025-02-09 09:00:00,C1022,4993.12,Food,NetBanking,M817,B31,,Completed,Bangalore,D9343,No Campaign,321.75,261.26,False,False,False
T147011,2025-02-09 15:31:00,C4329,4983.66,Groceries,UPI,M606,B43,,Completed,Chennai,D3114,Summer Sale,463.65,245.27,False,False,False
T147284,2025-02-09 20:04:00,C4881,4982.79,Health,Cash,M155,B6,,Completed,Kolkata,D8801,No Campaign,153.77,158.09,False,False,False
T147287,2025-02-09 20:07:00,C4321,4988.89,Groceries,Cash,M337,B5,Promo applied,Completed,Mumbai,D5199,No Campaign,498.85,34.58,False,False,False
T147746,2025-03-09 03:46:00,C1827,4959.59,Groceries,Cash,M879,B39,Discount applied,Completed,Mumbai,D9920,No Campaign,210.09,125.54,False,False,False
T147790,2025-03-09 04:30:00,C3647,4973.55,Groceries,UPI,M875,B33,Discount applied,Completed,Kolkata,D3488,Summer Sale,33.65,7.36,False,False,False
T147947,2025-03-09 07:07:00,C1775,4957.92,Electronics,Card,M710,B27,,Completed,Kolkata,D8259,Festive Offer,268.37,116.32,False,False,False
T148832,2025-03-09 21:52:00,C2713,4963.98,Health,Card,M688,B33,Promo applied,Completed,Delhi,D5255,New Launch,407.5,83.79,False,False,False
T148974,2025-04-09 00:14:00,C1024,4960.97,Health,Cash,M392,B16,,Completed,Delhi,D6250,New Launch,426.08,260.52,False,False,False
T149684,2025-04-09 12:04:00,C2871,4965.86,Entertainment,Card,M853,B5,,Completed,Delhi,D7790,Festive Offer,422.43,194.42,False,False,False
T149730,2025-04-09 12:50:00,C3588,4975.87,Entertainment,Card,M804,B18,Discount applied,Completed,Delhi,D1926,No Campaign,416.3,214.53,False,False,False
T149991,2025-04-09 17:11:00,C1466,4987.65,Electronics,UPI,M478,B39,,Completed,Chennai,D9835,Festive Offer,387.47,157.02,False,False,False
